{
    "resourcelist": [
        {
            "sprite": {
                "pos":"forehead",
                "name": "ear0.png",
                "row": 11,
                "col": 4,
                "num": 40,
                "fps": 30,
                "once": false,
            }
        },
        {
            "sprite": {
                "pos":"nose",
                "name": "nose0.png",
                "row": 1,
                "col": 1,
                "num": 1,
                "fps": 1,
                "once": false,
            }
        },
        {
            "sprite": {
                "pos":"chin",
                "name": "tongue.png",
                "row": 6,
                "col": 9,
                "num": 46,
                "fps": 30,
                "once": true,
                "voice": "lick.mp3",
            }
        },
    ]
}